centro_costo;nombre_sap;area_code;area_name;por;homologacion;motivo;revisar
10040;TDA. JOCKEY PLAZA K05;VENTAS;Ventas;exact;10040;Código antiguo de K05 Jockey Plaza (hoy V1141149);
A0000000;INVENTARIO ACTIVO FIJO 2025;ADMFIN;Administración y Finanzas;exact;A0000000;Inventario de activo fijo;sí
A0000001;CORPORATIVO ATIDTOV;GER;Gerencia;exact;A0000001;Corporativo (las reglas lo tratan como CORPORATIVO);sí
A0101000;GERENCIA GENERAL;GER;Gerencia;prefix;A0101;Gerencia general, gerentes, planeamiento estratégico;
A0101001;GERENTES;GER;Gerencia;prefix;A0101;Gerencia general, gerentes, planeamiento estratégico;
A0101002;PLANEAMIENTO ESTRATEGICO;GER;Gerencia;prefix;A0101;Gerencia general, gerentes, planeamiento estratégico;
A0106000;GESTION HUMANA;GH;Gestión Humana;prefix;A0106;Gestión humana;
A0106001;DESARROLLO ORGANIZACIONAL;GH;Gestión Humana;prefix;A0106;Gestión humana;
A0106002;CAPACITACIÓN;GH;Gestión Humana;prefix;A0106;Gestión humana;
A0106003;SELECCIÓN;GH;Gestión Humana;prefix;A0106;Gestión humana;
A0106004;ADMINISTRACIÓN DE PERSONAL;GH;Gestión Humana;prefix;A0106;Gestión humana;
A0106005;BIENESTAR SOCIAL;GH;Gestión Humana;prefix;A0106;Gestión humana;
A0106006;COMUNICACIÓN INTERNA;GH;Gestión Humana;prefix;A0106;Gestión humana;
A0109000;LEGAL;LEGAL;Legal;prefix;A0109;Legal;
A0110000;LOGISTICA;LOG;Logística;prefix;A0110;Logística, almacenes, servicio técnico, delivery;
A0110001;SERVICIO TECNICO;LOG;Logística;prefix;A0110;Logística, almacenes, servicio técnico, delivery;
A0110003;ALMACEN CENTRAL;LOG;Logística;prefix;A0110;Logística, almacenes, servicio técnico, delivery;
A0110004;ALMACEN OPERADOR LOGISTICO;LOG;Logística;prefix;A0110;Logística, almacenes, servicio técnico, delivery;
A0110005;POST VENTA - LOGISTICA;LOG;Logística;prefix;A0110;Logística, almacenes, servicio técnico, delivery;
A0110006;ALMACEN OPERADOR LOGISTICO 2;LOG;Logística;prefix;A0110;Logística, almacenes, servicio técnico, delivery;
A0110007;PLANEAMIENTO;LOG;Logística;prefix;A0110;Logística, almacenes, servicio técnico, delivery;
A0110008;LOGISTICO - ECOMMERCE;LOG;Logística;prefix;A0110;Logística, almacenes, servicio técnico, delivery;
A0110009;LOGISTICO - UR ECOMMERCE;LOG;Logística;prefix;A0110;Logística, almacenes, servicio técnico, delivery;
A0110010;DELIVERY;LOG;Logística;prefix;A0110;Logística, almacenes, servicio técnico, delivery;
A0110011;S01 - LOGISTICA ECOMMERCE;LOG;Logística;prefix;A0110;Logística, almacenes, servicio técnico, delivery;
A0110012;ALMACEN PISOPAK CAJAMARQUILLA;LOG;Logística;prefix;A0110;Logística, almacenes, servicio técnico, delivery;
A0110013;PCJ ALMCEN PISOPAK CAJAMARQUIL;LOG;Logística;prefix;A0110;Logística, almacenes, servicio técnico, delivery;
A0110041;E-COMMERCE - CD9;LOG;Logística;prefix;A0110;Logística, almacenes, servicio técnico, delivery;
A0110042;MARKET PLACE COOLBOX - CD9;LOG;Logística;prefix;A0110;Logística, almacenes, servicio técnico, delivery;
A0112000;CONTRALORIA Y AUDITORIA INTERN;GER;Gerencia;prefix;A0112;Contraloría y auditoría interna;sí
A0113000;DESARROLLO DE NEGOCIOS;COMERCIAL;Comercial;prefix;A0113;Desarrollo de negocios;sí
A0114000;SG SERVICIO AL CLIENTE;VENTAS;Ventas;prefix;A0114;Servicio al cliente;sí
A0202000;COMERCIAL;COMERCIAL;Comercial;prefix;A0202;Comercial, Urban Rider, control de calidad;
A0202001;E-COMMERCE;ECOM;E-commerce;exact;A0202001;E-commerce;
A0202002;URBAN RIDER;COMERCIAL;Comercial;prefix;A0202;Comercial, Urban Rider, control de calidad;
A0202003;CONTROL DE CALIDAD;COMERCIAL;Comercial;prefix;A0202;Comercial, Urban Rider, control de calidad;
A0202004;NUEVO E-COMMERCE Y CRM;ECOM;E-commerce;exact;A0202004;Nuevo e-commerce y CRM;
A0202005;MARKET PLACE COOLBOX;ECOM;E-commerce;exact;A0202005;Market place Coolbox;
A0202006;E-COMMERCE LOGISTICA;ECOM;E-commerce;exact;A0202006;E-commerce logística;
A0208000;MARKETING;MKT;Marketing;prefix;A0208;Marketing;
A0303000;ADMINISTRACION Y FINANZAS;ADMFIN;Administración y Finanzas;prefix;A0303;Administración y finanzas, importaciones, inventarios;
A0303001;CONTABILIDAD;CONT;CONTABILIDAD;exact;A0303001;Contabilidad;
A0303002;ADMINISTRACION OTROS;ADMFIN;Administración y Finanzas;prefix;A0303;Administración y finanzas, importaciones, inventarios;
A0303003;FINANZAS;ADMFIN;Administración y Finanzas;prefix;A0303;Administración y finanzas, importaciones, inventarios;
A0303004;IMPORTACIONES;ADMFIN;Administración y Finanzas;prefix;A0303;Administración y finanzas, importaciones, inventarios;
A0303005;INVENTARIOS;ADMFIN;Administración y Finanzas;prefix;A0303;Administración y finanzas, importaciones, inventarios;
A0303006;ADMINISTRACION;ADMFIN;Administración y Finanzas;prefix;A0303;Administración y finanzas, importaciones, inventarios;
A0303007;VIR_ADM;ADMFIN;Administración y Finanzas;prefix;A0303;Administración y finanzas, importaciones, inventarios;
A0303008;PROYECTOS GAF;ADMFIN;Administración y Finanzas;prefix;A0303;Administración y finanzas, importaciones, inventarios;
A0305000;NEGOCIOS INMOBILIARIOS;ADMFIN;Administración y Finanzas;prefix;A0305;Negocios inmobiliarios;
A0307000;TECNOLOGIAS DE INFORMACION;TI;Tecnología;prefix;A0307;Tecnologías de información, proyectos SAP y front office;
A0307001;PROYECTO SAP;TI;Tecnología;prefix;A0307;Tecnologías de información, proyectos SAP y front office;
A0307002;PROYECTO FRONT OFFICE;TI;Tecnología;prefix;A0307;Tecnologías de información, proyectos SAP y front office;
A0311000;PREVENCION DE RIESGOS;ADMFIN;Administración y Finanzas;prefix;A0311;Prevención de riesgos;sí
A0312000;COOLMEX ADMINISTRACION;ADMFIN;Administración y Finanzas;prefix;A0312;Coolmex administración;
A0315000;TRANSFORMACION DIGITAL;TI;Tecnología;prefix;A0315;Transformación digital;
A0404000;VENTAS;VENTAS;Ventas;prefix;A0404;Gerencia de ventas y post venta;
A0404001;POST VENTA (GER VENTAS);VENTAS;Ventas;prefix;A0404;Gerencia de ventas y post venta;
A1000000;ADMINISTRACION GENERAL;ADMFIN;Administración y Finanzas;exact;A1000000;Administración general;
A1255227;A01 CHECK IN;VENTAS;Ventas;prefix;A1255;A01 Check in / A02 Gate / A03 Módulo: puntos de venta en aeropuerto;sí
A1255228;A02 GATE NACiONAL;VENTAS;Ventas;prefix;A1255;A01 Check in / A02 Gate / A03 Módulo: puntos de venta en aeropuerto;sí
A1255229;A03 MODULO NAC;VENTAS;Ventas;prefix;A1255;A01 Check in / A02 Gate / A03 Módulo: puntos de venta en aeropuerto;sí
AECOBIKE;ECOBIKE;COMERCIAL;Comercial;exact;AECOBIKE;Ecobike (línea de negocio);sí
NOTCASOR;NOTAS CONTABLES DE CASOR;CONT;CONTABILIDAD;exact;NOTCASOR;Notas contables de CASOR;sí
V0000001;VENTAS 360;VENTAS;Ventas;prefix;V;Tiendas, módulos, ferias y canales de venta (V…);
V0000002;COOLMEX VENTAS;VENTAS;Ventas;prefix;V;Tiendas, módulos, ferias y canales de venta (V…);
V1121208;T75 MALL PLAZA TRUJILLO;VENTAS;Ventas;prefix;V;Tiendas, módulos, ferias y canales de venta (V…);
V1140001;TIENDA CENTRAL;VENTAS;Ventas;prefix;V;Tiendas, módulos, ferias y canales de venta (V…);
V1140002;VENTAS COORPORATIVAS;VENTAS;Ventas;prefix;V;Tiendas, módulos, ferias y canales de venta (V…);
V1140003;TIENDA CENTRAL URBAN;VENTAS;Ventas;prefix;V;Tiendas, módulos, ferias y canales de venta (V…);
V1140004;FONO COMPRAS;VENTAS;Ventas;prefix;V;Tiendas, módulos, ferias y canales de venta (V…);
V1140005;VENTAS POR CHAT;VENTAS;Ventas;prefix;V;Tiendas, módulos, ferias y canales de venta (V…);
V1140190;VCO VTA CORP URBAN;VENTAS;Ventas;prefix;V;Tiendas, módulos, ferias y canales de venta (V…);
V1140206;ALMACEN VENTA MAYORISTA VMA;VENTAS;Ventas;prefix;V;Tiendas, módulos, ferias y canales de venta (V…);
V1140216;BUSINESS TO BUSINESS;VENTAS;Ventas;prefix;V;Tiendas, módulos, ferias y canales de venta (V…);
V1141001;B11 REAL PLAZA SANTA CLARA;VENTAS;Ventas;prefix;V;Tiendas, módulos, ferias y canales de venta (V…);
V1141015;B39 REAL PLAZA CHORRILLOS;VENTAS;Ventas;prefix;V;Tiendas, módulos, ferias y canales de venta (V…);
V1141017;B41 PARQUE AGUSTINO;VENTAS;Ventas;prefix;V;Tiendas, módulos, ferias y canales de venta (V…);
V1141023;B49 BAJADA BALTA;VENTAS;Ventas;prefix;V;Tiendas, módulos, ferias y canales de venta (V…);
V1141027;B57 C.C. LA RAMBLA;VENTAS;Ventas;prefix;V;Tiendas, módulos, ferias y canales de venta (V…);
V1141052;B90 C.C.REAL PLAZA SALAVERRY;VENTAS;Ventas;prefix;V;Tiendas, módulos, ferias y canales de venta (V…);
V1141060;K10 TDA. LARCOMAR;VENTAS;Ventas;prefix;V;Tiendas, módulos, ferias y canales de venta (V…);
V1141061;K11 TDA. SAN MIGUEL;VENTAS;Ventas;prefix;V;Tiendas, módulos, ferias y canales de venta (V…);
V1141064;K16 C.C. REAL PLAZA PRIMAVERA;VENTAS;Ventas;prefix;V;Tiendas, módulos, ferias y canales de venta (V…);
V1141069;K22 RAUL FERRERO - LA MOLINA;VENTAS;Ventas;prefix;V;Tiendas, módulos, ferias y canales de venta (V…);
V1141071;K25 PLAZA LIMA SUR CHORRILLOS;VENTAS;Ventas;prefix;V;Tiendas, módulos, ferias y canales de venta (V…);
V1141083;K43 MEGAPLAZA 2DO.NIVEL;VENTAS;Ventas;prefix;V;Tiendas, módulos, ferias y canales de venta (V…);
V1141087;K49 C.C. REAL PLAZA PRO;VENTAS;Ventas;prefix;V;Tiendas, módulos, ferias y canales de venta (V…);
V1141093;K57 ATOCONGO;VENTAS;Ventas;prefix;V;Tiendas, módulos, ferias y canales de venta (V…);
V1141103;K71 PLAZA LIMA NORTE;VENTAS;Ventas;prefix;V;Tiendas, módulos, ferias y canales de venta (V…);
V1141107;K75 REAL PLAZA CENTRO CIVICO;VENTAS;Ventas;prefix;V;Tiendas, módulos, ferias y canales de venta (V…);
V1141112;K94 REAL PLAZA ESTAC. CENTRAL;VENTAS;Ventas;prefix;V;Tiendas, módulos, ferias y canales de venta (V…);
V1141113;K96 OPEN PLAZA ANGAMOS;VENTAS;Ventas;prefix;V;Tiendas, módulos, ferias y canales de venta (V…);
V1141115;T04 SANTA ANITA;VENTAS;Ventas;prefix;V;Tiendas, módulos, ferias y canales de venta (V…);
V1141116;T05 MEGA PLAZA;VENTAS;Ventas;prefix;V;Tiendas, módulos, ferias y canales de venta (V…);
V1141118;T07 LA RAMBLA - AV.BRASIL;VENTAS;Ventas;prefix;V;Tiendas, módulos, ferias y canales de venta (V…);
V1141127;T19 JOCKEY PLAZA II;VENTAS;Ventas;prefix;V;Tiendas, módulos, ferias y canales de venta (V…);
V1141130;T22 C.C. MALL SUR;VENTAS;Ventas;prefix;V;Tiendas, módulos, ferias y canales de venta (V…);
V1141132;T25 TIENDA LURIN;VENTAS;Ventas;prefix;V;Tiendas, módulos, ferias y canales de venta (V…);
V1141147;T41 REAL PLAZA VMT;VENTAS;Ventas;prefix;V;Tiendas, módulos, ferias y canales de venta (V…);
V1141149;K05 JOCKEY PLAZA;VENTAS;Ventas;prefix;V;Tiendas, módulos, ferias y canales de venta (V…);
V1141152;T46 TDA MINKA II;VENTAS;Ventas;prefix;V;Tiendas, módulos, ferias y canales de venta (V…);
V1141155;T49 TDA. MALL DEL SUR II;VENTAS;Ventas;prefix;V;Tiendas, módulos, ferias y canales de venta (V…);
V1141156;T50 TDA. PLAZA SAN MIGUEL II;VENTAS;Ventas;prefix;V;Tiendas, módulos, ferias y canales de venta (V…);
V1141169;T57 Mega Plaza VES II;VENTAS;Ventas;prefix;V;Tiendas, módulos, ferias y canales de venta (V…);
V1141171;T59 PLAZA LIMA NORTE II;VENTAS;Ventas;prefix;V;Tiendas, módulos, ferias y canales de venta (V…);
V1141173;T61  Jockey Plaza III;VENTAS;Ventas;prefix;V;Tiendas, módulos, ferias y canales de venta (V…);
V1141176;T64  MALL AVENTURA SANTA ANITA;VENTAS;Ventas;prefix;V;Tiendas, módulos, ferias y canales de venta (V…);
V1141177;T65 REAL PLAZA PURUCHUCO I;VENTAS;Ventas;prefix;V;Tiendas, módulos, ferias y canales de venta (V…);
V1141178;T66 REAL PLAZA PURUCHUCO II;VENTAS;Ventas;prefix;V;Tiendas, módulos, ferias y canales de venta (V…);
V1141181;U03 PLAZA SAN MIGUEL;VENTAS;Ventas;prefix;V;Tiendas, módulos, ferias y canales de venta (V…);
V1141184;U05 MALL AVENTURA SANTA ANITA;VENTAS;Ventas;prefix;V;Tiendas, módulos, ferias y canales de venta (V…);
V1141185;U06 PLAZA LIMA NORTE;VENTAS;Ventas;prefix;V;Tiendas, módulos, ferias y canales de venta (V…);
V1141187;T68 TDA GAMARRA;VENTAS;Ventas;prefix;V;Tiendas, módulos, ferias y canales de venta (V…);
V1141198;T70 MALL PLAZA COMAS;VENTAS;Ventas;prefix;V;Tiendas, módulos, ferias y canales de venta (V…);
V1141199;T71 OPEN PLAZA ATOCONGO;VENTAS;Ventas;prefix;V;Tiendas, módulos, ferias y canales de venta (V…);
V1141200;U10 UR MEGAPLAZA IND;VENTAS;Ventas;prefix;V;Tiendas, módulos, ferias y canales de venta (V…);
V1141201;U11 UR MALL AVENTURA PLAZA;VENTAS;Ventas;prefix;V;Tiendas, módulos, ferias y canales de venta (V…);
V1141204;TEMPORAL MALL AVENT STA ANITA;VENTAS;Ventas;prefix;V;Tiendas, módulos, ferias y canales de venta (V…);
V1141207;T76 PORTAL LA MOLINA;VENTAS;Ventas;prefix;V;Tiendas, módulos, ferias y canales de venta (V…);
V1141214;T79 MALL AVENTURA SAN JUAN DE;VENTAS;Ventas;prefix;V;Tiendas, módulos, ferias y canales de venta (V…);
V1141246;T93 KM 40 MALL;VENTAS;Ventas;prefix;V;Tiendas, módulos, ferias y canales de venta (V…);
V1141252;T99 PLAZA SAN MIGUEL III;VENTAS;Ventas;prefix;V;Tiendas, módulos, ferias y canales de venta (V…);
V1141253;H01 EL POLO;VENTAS;Ventas;prefix;V;Tiendas, módulos, ferias y canales de venta (V…);
V1141256;F03 FALABELLA JOCKEY PLAZA;VENTAS;Ventas;prefix;V;Tiendas, módulos, ferias y canales de venta (V…);
V1141258;F04 FALABELLA SAN MIGUEL;VENTAS;Ventas;prefix;V;Tiendas, módulos, ferias y canales de venta (V…);
V1141259;F05 FALABELLA INDEPENDENCIA;VENTAS;Ventas;prefix;V;Tiendas, módulos, ferias y canales de venta (V…);
V1141260;F06 FALABELLA PLAZA NORTE;VENTAS;Ventas;prefix;V;Tiendas, módulos, ferias y canales de venta (V…);
V1141261;F07 FALABELLA MALL DEL SUR;VENTAS;Ventas;prefix;V;Tiendas, módulos, ferias y canales de venta (V…);
V1142009;B30 CAMINOS DEL INCA;VENTAS;Ventas;prefix;V;Tiendas, módulos, ferias y canales de venta (V…);
V1142016;B40 METRO CHACLACAYO;VENTAS;Ventas;prefix;V;Tiendas, módulos, ferias y canales de venta (V…);
V1142021;B45 STRIP CENTER V. ELSALVADOR;VENTAS;Ventas;prefix;V;Tiendas, módulos, ferias y canales de venta (V…);
V1142032;B63 STRIP-METRO DE PEDRO MIOTA;VENTAS;Ventas;prefix;V;Tiendas, módulos, ferias y canales de venta (V…);
V1142034;B66 PLAZA VEA S.J.L.;VENTAS;Ventas;prefix;V;Tiendas, módulos, ferias y canales de venta (V…);
V1142037;B71 METRO FAUCETT - SAN MIGUEL;VENTAS;Ventas;prefix;V;Tiendas, módulos, ferias y canales de venta (V…);
V1142053;B92 28 DE JULIO MIRAFLORES;VENTAS;Ventas;prefix;V;Tiendas, módulos, ferias y canales de venta (V…);
V1142057;B99 VIA REAL - SAN ISIDRO;VENTAS;Ventas;prefix;V;Tiendas, módulos, ferias y canales de venta (V…);
V1142092;K56 TOTTUS LIMA;VENTAS;Ventas;prefix;V;Tiendas, módulos, ferias y canales de venta (V…);
V1142098;K63 ENCALADA;VENTAS;Ventas;prefix;V;Tiendas, módulos, ferias y canales de venta (V…);
V1142102;K69 MARINA OP.PLAZA-SAN MIGUEL;VENTAS;Ventas;prefix;V;Tiendas, módulos, ferias y canales de venta (V…);
V1142108;K76 STRIP CENTER ALA.SUR CHOR.;VENTAS;Ventas;prefix;V;Tiendas, módulos, ferias y canales de venta (V…);
V1142110;K79 METRO CANADA;VENTAS;Ventas;prefix;V;Tiendas, módulos, ferias y canales de venta (V…);
V1142120;T09 PLAZA VEA EL CORTIJO;VENTAS;Ventas;prefix;V;Tiendas, módulos, ferias y canales de venta (V…);
V1142122;T11 METRO COLONIAL;VENTAS;Ventas;prefix;V;Tiendas, módulos, ferias y canales de venta (V…);
V1142136;T30 EL POLO;VENTAS;Ventas;prefix;V;Tiendas, módulos, ferias y canales de venta (V…);
V1142139;T33 PANORAMA;VENTAS;Ventas;prefix;V;Tiendas, módulos, ferias y canales de venta (V…);
V1142141;T35 VIVANDA DE ASIA;VENTAS;Ventas;prefix;V;Tiendas, módulos, ferias y canales de venta (V…);
V1142143;T37 PLAZA VEA CORPAC;VENTAS;Ventas;prefix;V;Tiendas, módulos, ferias y canales de venta (V…);
V1142165;T55 STRIP CENTER VILLARAN;VENTAS;Ventas;prefix;V;Tiendas, módulos, ferias y canales de venta (V…);
V1142189;S01 VENTAS;VENTAS;Ventas;prefix;V;Tiendas, módulos, ferias y canales de venta (V…);
V1142217;T80 METRO CHACLACAYO;VENTAS;Ventas;prefix;V;Tiendas, módulos, ferias y canales de venta (V…);
V1142219;T82 METRO FAUCETT;VENTAS;Ventas;prefix;V;Tiendas, módulos, ferias y canales de venta (V…);
V1142240;T87 STRIP CENTER PASEO FIBRA;VENTAS;Ventas;prefix;V;Tiendas, módulos, ferias y canales de venta (V…);
V1142241;T88 METRO CANADA;VENTAS;Ventas;prefix;V;Tiendas, módulos, ferias y canales de venta (V…);
V1142243;T90 PLAZA VEA PLAZITA VES;VENTAS;Ventas;prefix;V;Tiendas, módulos, ferias y canales de venta (V…);
V1143008;B26 CONQUISTADORES;VENTAS;Ventas;prefix;V;Tiendas, módulos, ferias y canales de venta (V…);
V1143026;B55 RASH LARCO;VENTAS;Ventas;prefix;V;Tiendas, módulos, ferias y canales de venta (V…);
V1143031;B62 PARDO B62;VENTAS;Ventas;prefix;V;Tiendas, módulos, ferias y canales de venta (V…);
V1143035;B69 GRAN CHIMU SJL;VENTAS;Ventas;prefix;V;Tiendas, módulos, ferias y canales de venta (V…);
V1143040;B76 SUCRE;VENTAS;Ventas;prefix;V;Tiendas, módulos, ferias y canales de venta (V…);
V1143043;B81 BARRANCO.;VENTAS;Ventas;prefix;V;Tiendas, módulos, ferias y canales de venta (V…);
V1143058;K06 SALAVERRY;VENTAS;Ventas;prefix;V;Tiendas, módulos, ferias y canales de venta (V…);
V1143059;K09 BEGONIAS;VENTAS;Ventas;prefix;V;Tiendas, módulos, ferias y canales de venta (V…);
V1143076;K34 BENAVIDES;VENTAS;Ventas;prefix;V;Tiendas, módulos, ferias y canales de venta (V…);
V1143077;K36 CHACARILLA;VENTAS;Ventas;prefix;V;Tiendas, módulos, ferias y canales de venta (V…);
V1143085;K47 MORELLI- SAN BORJA;VENTAS;Ventas;prefix;V;Tiendas, módulos, ferias y canales de venta (V…);
V1143094;K58 JR.DE LA UNION;VENTAS;Ventas;prefix;V;Tiendas, módulos, ferias y canales de venta (V…);
V1143121;T10 RASH CAVENECIA.;VENTAS;Ventas;prefix;V;Tiendas, módulos, ferias y canales de venta (V…);
V1143128;T20 MAGDALENA DEL MAR;VENTAS;Ventas;prefix;V;Tiendas, módulos, ferias y canales de venta (V…);
V1143137;T31 DOS DE MAYO;VENTAS;Ventas;prefix;V;Tiendas, módulos, ferias y canales de venta (V…);
V1143150;T44 TDA BEGONIAS II;VENTAS;Ventas;prefix;V;Tiendas, módulos, ferias y canales de venta (V…);
V1143154;T48 TIENDA AV ABANCAY;VENTAS;Ventas;prefix;V;Tiendas, módulos, ferias y canales de venta (V…);
V1143180;U02 CAMINO REAL;VENTAS;Ventas;prefix;V;Tiendas, módulos, ferias y canales de venta (V…);
V1143183;U07 SALAVERRY;VENTAS;Ventas;prefix;V;Tiendas, módulos, ferias y canales de venta (V…);
V1143186;U08 CHACARILLA;VENTAS;Ventas;prefix;V;Tiendas, módulos, ferias y canales de venta (V…);
V1143191;U09 BOULEVARD ASIA;VENTAS;Ventas;prefix;V;Tiendas, módulos, ferias y canales de venta (V…);
V1143205;T74 CHACARILLA;VENTAS;Ventas;prefix;V;Tiendas, módulos, ferias y canales de venta (V…);
V1143245;T92 AVENIDA SAN LUIS;VENTAS;Ventas;prefix;V;Tiendas, módulos, ferias y canales de venta (V…);
V1143251;T98 MAGDALENA BOULEVARD;VENTAS;Ventas;prefix;V;Tiendas, módulos, ferias y canales de venta (V…);
V1143255;H03 ROYAL PLAZA;VENTAS;Ventas;prefix;V;Tiendas, módulos, ferias y canales de venta (V…);
V1143257;H04 JESUS MARIA STAND ALONE;VENTAS;Ventas;prefix;V;Tiendas, módulos, ferias y canales de venta (V…);
V1143262;H05 PARDO II;VENTAS;Ventas;prefix;V;Tiendas, módulos, ferias y canales de venta (V…);
V1143265;H08 PRIMAX JOCKEY PLAZA;VENTAS;Ventas;prefix;V;Tiendas, módulos, ferias y canales de venta (V…);
V1144011;B34 METRO COMAS;VENTAS;Ventas;prefix;V;Tiendas, módulos, ferias y canales de venta (V…);
V1144013;B36 METRO BREÑA;VENTAS;Ventas;prefix;V;Tiendas, módulos, ferias y canales de venta (V…);
V1144014;B38 METRO HUAYLAS;VENTAS;Ventas;prefix;V;Tiendas, módulos, ferias y canales de venta (V…);
V1144025;B54 METRO PZA LIMA NORTE;VENTAS;Ventas;prefix;V;Tiendas, módulos, ferias y canales de venta (V…);
V1144033;B65 METRO- LIMA PLAZA SUR.;VENTAS;Ventas;prefix;V;Tiendas, módulos, ferias y canales de venta (V…);
V1144038;B72 PLAZA VEA ATE;VENTAS;Ventas;prefix;V;Tiendas, módulos, ferias y canales de venta (V…);
V1144042;B79 TOTTUS PACHACUTEC;VENTAS;Ventas;prefix;V;Tiendas, módulos, ferias y canales de venta (V…);
V1144049;B87 PLAZA VEA PUENTE PIEDRA;VENTAS;Ventas;prefix;V;Tiendas, módulos, ferias y canales de venta (V…);
V1144062;K13 METRO PRIMAVERA;VENTAS;Ventas;prefix;V;Tiendas, módulos, ferias y canales de venta (V…);
V1144063;K14 VEA HIGUERETA;VENTAS;Ventas;prefix;V;Tiendas, módulos, ferias y canales de venta (V…);
V1144106;K74 METRO LURIGANCHO;VENTAS;Ventas;prefix;V;Tiendas, módulos, ferias y canales de venta (V…);
V1144109;K78 METRO LA MARINA;VENTAS;Ventas;prefix;V;Tiendas, módulos, ferias y canales de venta (V…);
V1144111;K86 METRO SJL;VENTAS;Ventas;prefix;V;Tiendas, módulos, ferias y canales de venta (V…);
V1144119;T08 PLAZA VEA SALAVERRY;VENTAS;Ventas;prefix;V;Tiendas, módulos, ferias y canales de venta (V…);
V1144125;T17 RASH PLAZA VEA JOCKEY;VENTAS;Ventas;prefix;V;Tiendas, módulos, ferias y canales de venta (V…);
V1144142;T36  WONG DE ASIA;VENTAS;Ventas;prefix;V;Tiendas, módulos, ferias y canales de venta (V…);
V1144151;T45 TDA PLAZA VEA LURIN;VENTAS;Ventas;prefix;V;Tiendas, módulos, ferias y canales de venta (V…);
V1144174;T62 Wong Ate;VENTAS;Ventas;prefix;V;Tiendas, módulos, ferias y canales de venta (V…);
V1144236;T83 TOTTUS HUAYLAS;VENTAS;Ventas;prefix;V;Tiendas, módulos, ferias y canales de venta (V…);
V1144237;T84 PLAZA VEA BOLICHERA;VENTAS;Ventas;prefix;V;Tiendas, módulos, ferias y canales de venta (V…);
V1144238;T85 PLAZA VEA HIGUERETA;VENTAS;Ventas;prefix;V;Tiendas, módulos, ferias y canales de venta (V…);
V1144239;T86 PLAZA VEA JOCKEY;VENTAS;Ventas;prefix;V;Tiendas, módulos, ferias y canales de venta (V…);
V1144242;T89 PLAZA VEA AV. AYACUCHO;VENTAS;Ventas;prefix;V;Tiendas, módulos, ferias y canales de venta (V…);
V1144247;T94 PLAZA VEA LURIN;VENTAS;Ventas;prefix;V;Tiendas, módulos, ferias y canales de venta (V…);
V1144248;T95 PLAZA VEA ATE;VENTAS;Ventas;prefix;V;Tiendas, módulos, ferias y canales de venta (V…);
V1144265;ANULADO;VENTAS;Ventas;prefix;V;Tiendas, módulos, ferias y canales de venta (V…);
V1145164;T54  AEROPUERTO;VENTAS;Ventas;prefix;V;Tiendas, módulos, ferias y canales de venta (V…);
V1146159;R12 TDA. REMATE;VENTAS;Ventas;prefix;V;Tiendas, módulos, ferias y canales de venta (V…);
V1147160;FERIA COORPORATIVA;VENTAS;Ventas;prefix;V;Tiendas, módulos, ferias y canales de venta (V…);
V1147188;UFC FERIA CORPORATIVA URBAN;VENTAS;Ventas;prefix;V;Tiendas, módulos, ferias y canales de venta (V…);
V1147192;FT1 L. TEMPORAL METRO CANADA;VENTAS;Ventas;prefix;V;Tiendas, módulos, ferias y canales de venta (V…);
V1147193;FT2 L.TEMPORAL PZA SAN MIGUEL;VENTAS;Ventas;prefix;V;Tiendas, módulos, ferias y canales de venta (V…);
V1147194;FT3 L.TEMPORAL SANTA CLARA;VENTAS;Ventas;prefix;V;Tiendas, módulos, ferias y canales de venta (V…);
V1147195;FT4 L.TEMPORAL AV AREQUIPA;VENTAS;Ventas;prefix;V;Tiendas, módulos, ferias y canales de venta (V…);
V1148161;U01 BENAVIDES;VENTAS;Ventas;prefix;V;Tiendas, módulos, ferias y canales de venta (V…);
V1149163;MODULO ASIA;VENTAS;Ventas;prefix;V;Tiendas, módulos, ferias y canales de venta (V…);
V1149166;T56 MODULO COOLBOX LURIN;VENTAS;Ventas;prefix;V;Tiendas, módulos, ferias y canales de venta (V…);
V1149168;T53 MOD TERMINAL PLAZA NORTE;VENTAS;Ventas;prefix;V;Tiendas, módulos, ferias y canales de venta (V…);
V1149172;T60 Modulo Coolbox Jockey;VENTAS;Ventas;prefix;V;Tiendas, módulos, ferias y canales de venta (V…);
V1149179;T67 MODULO GAMARRA;VENTAS;Ventas;prefix;V;Tiendas, módulos, ferias y canales de venta (V…);
V1149211;M01 MODULO COOL CASE RP PRIMAV;VENTAS;Ventas;prefix;V;Tiendas, módulos, ferias y canales de venta (V…);
V1149212;M02 MODULO COOL CASE PLAZA SAN;VENTAS;Ventas;prefix;V;Tiendas, módulos, ferias y canales de venta (V…);
V1149213;M03 MODULO COOL CASE RP CENTRO;VENTAS;Ventas;prefix;V;Tiendas, módulos, ferias y canales de venta (V…);
V1149215;M04 MODULO COOL CASE MA COMAS;VENTAS;Ventas;prefix;V;Tiendas, módulos, ferias y canales de venta (V…);
V1149220;M05 COOLCASE OPEN PLAZA ANGAMO;VENTAS;Ventas;prefix;V;Tiendas, módulos, ferias y canales de venta (V…);
V1149223;M08 MODULO MALL PLAZA BELLAVIS;VENTAS;Ventas;prefix;V;Tiendas, módulos, ferias y canales de venta (V…);
V1149225;M10 COOLCASE REAL PLAZA SALAVE;VENTAS;Ventas;prefix;V;Tiendas, módulos, ferias y canales de venta (V…);
V1149230;M11 COOLCASE PLAZA LIMA SUR;VENTAS;Ventas;prefix;V;Tiendas, módulos, ferias y canales de venta (V…);
V1149232;M13 COOLCASE MINKA;VENTAS;Ventas;prefix;V;Tiendas, módulos, ferias y canales de venta (V…);
V1149233;M14 CCASE M AVENTURA STA ANITA;VENTAS;Ventas;prefix;V;Tiendas, módulos, ferias y canales de venta (V…);
V1149234;M15 COOLCASE PLAZA LIMA NORTE;VENTAS;Ventas;prefix;V;Tiendas, módulos, ferias y canales de venta (V…);
V1149235;M16 CCASE REAL PLAZA PRIMAVERA;VENTAS;Ventas;prefix;V;Tiendas, módulos, ferias y canales de venta (V…);
V1251056;B98 MINKA;VENTAS;Ventas;prefix;V;Tiendas, módulos, ferias y canales de venta (V…);
V1251065;K17 MINKA;VENTAS;Ventas;prefix;V;Tiendas, módulos, ferias y canales de venta (V…);
V1251097;K62 BELLAVISTA;VENTAS;Ventas;prefix;V;Tiendas, módulos, ferias y canales de venta (V…);
V1252018;B42 METRO VENTANILLA;VENTAS;Ventas;prefix;V;Tiendas, módulos, ferias y canales de venta (V…);
V1252048;B86 C.C.LIMA OUTLET CENTER;VENTAS;Ventas;prefix;V;Tiendas, módulos, ferias y canales de venta (V…);
V1252055;B97 PLAZA VEA VENTANILLA;VENTAS;Ventas;prefix;V;Tiendas, módulos, ferias y canales de venta (V…);
V1252091;K55 CANTA CALLAO;VENTAS;Ventas;prefix;V;Tiendas, módulos, ferias y canales de venta (V…);
V1255030;B61 AEROPUERTO.;VENTAS;Ventas;prefix;V;Tiendas, módulos, ferias y canales de venta (V…);
V1255135;T29 AEROPUERTO ESPIGON INTER.;VENTAS;Ventas;prefix;V;Tiendas, módulos, ferias y canales de venta (V…);
V2041002;B12 PARQUE ARAUCO;VENTAS;Ventas;prefix;V;Tiendas, módulos, ferias y canales de venta (V…);
V2041006;B22 AVENTURA PLAZA AREQUIPA;VENTAS;Ventas;prefix;V;Tiendas, módulos, ferias y canales de venta (V…);
V2041036;B70 CERRO COLORADO;VENTAS;Ventas;prefix;V;Tiendas, módulos, ferias y canales de venta (V…);
V2041134;T28  R.P. AREQUIPA II;VENTAS;Ventas;prefix;V;Tiendas, módulos, ferias y canales de venta (V…);
V2041153;T47 TDA. MALL PLAZA CAYMA;VENTAS;Ventas;prefix;V;Tiendas, módulos, ferias y canales de venta (V…);
V2043066;K18 YANAHUARA - AREQUIPA;VENTAS;Ventas;prefix;V;Tiendas, módulos, ferias y canales de venta (V…);
V2043067;K20 AREQUIPA CENTRO;VENTAS;Ventas;prefix;V;Tiendas, módulos, ferias y canales de venta (V…);
V2071046;B84 B84 CUSCO;VENTAS;Ventas;prefix;V;Tiendas, módulos, ferias y canales de venta (V…);
V2071250;T97 REAL PLAZA CUSCO II;VENTAS;Ventas;prefix;V;Tiendas, módulos, ferias y canales de venta (V…);
V2073078;K38 CUSCO-AV. DE LA CULTURA;VENTAS;Ventas;prefix;V;Tiendas, módulos, ferias y canales de venta (V…);
V2073080;K40 CUSCO-AV. EL SOL;VENTAS;Ventas;prefix;V;Tiendas, módulos, ferias y canales de venta (V…);
V2101075;K33 PLAZA DEL SOL-ICA;VENTAS;Ventas;prefix;V;Tiendas, módulos, ferias y canales de venta (V…);
V2101117;T06 RASH QUINDE ICA;VENTAS;Ventas;prefix;V;Tiendas, módulos, ferias y canales de venta (V…);
V2101170;T58 Mega Plaza Chincha;VENTAS;Ventas;prefix;V;Tiendas, módulos, ferias y canales de venta (V…);
V2101209;T77 PLAZA DEL SOL ICA EX K33;VENTAS;Ventas;prefix;V;Tiendas, módulos, ferias y canales de venta (V…);
V2102003;B13 PLAZA VEA CHINCHA;VENTAS;Ventas;prefix;V;Tiendas, módulos, ferias y canales de venta (V…);
V2102114;K99 PLAZA VEA ICA;VENTAS;Ventas;prefix;V;Tiendas, módulos, ferias y canales de venta (V…);
V2102123;T15 MEGA PLAZA PISCO;VENTAS;Ventas;prefix;V;Tiendas, módulos, ferias y canales de venta (V…);
V2103088;K50 ICA;VENTAS;Ventas;prefix;V;Tiendas, módulos, ferias y canales de venta (V…);
V2141039;B74 MEGAPLAZA CAÑETE;VENTAS;Ventas;prefix;V;Tiendas, módulos, ferias y canales de venta (V…);
V2163145;T39 PUERTO MALDONADO;VENTAS;Ventas;prefix;V;Tiendas, módulos, ferias y canales de venta (V…);
V2172131;T24 PLAZA VEA MOQUEGUA;VENTAS;Ventas;prefix;V;Tiendas, módulos, ferias y canales de venta (V…);
V2173022;B47 ILO;VENTAS;Ventas;prefix;V;Tiendas, módulos, ferias y canales de venta (V…);
V2174158;T52 PLAZA VEA ILO;VENTAS;Ventas;prefix;V;Tiendas, módulos, ferias y canales de venta (V…);
V2201105;K73 JULIACA;VENTAS;Ventas;prefix;V;Tiendas, módulos, ferias y canales de venta (V…);
V2202051;B89 PLAZA VEA PUNO;VENTAS;Ventas;prefix;V;Tiendas, módulos, ferias y canales de venta (V…);
V2209222;M07 MODULO REAL PLAZA JULIACA;VENTAS;Ventas;prefix;V;Tiendas, módulos, ferias y canales de venta (V…);
V2223086;K48 TIENDA.TACNA;VENTAS;Ventas;prefix;V;Tiendas, módulos, ferias y canales de venta (V…);
V2224244;T91 PLAZA VEA TACNA;VENTAS;Ventas;prefix;V;Tiendas, módulos, ferias y canales de venta (V…);
V3021024;B50 C.C.MEGAPLAZA CHIMBOTE;VENTAS;Ventas;prefix;V;Tiendas, módulos, ferias y canales de venta (V…);
V3023084;K46 TDA.CHIMBOTE;VENTAS;Ventas;prefix;V;Tiendas, módulos, ferias y canales de venta (V…);
V3061047;B85 C.C.REAL PLAZA CAJAMARCA;VENTAS;Ventas;prefix;V;Tiendas, módulos, ferias y canales de venta (V…);
V3061073;K28 EL QUINDE CAJAMARCA;VENTAS;Ventas;prefix;V;Tiendas, módulos, ferias y canales de venta (V…);
V3062138;T32 MEGAPLAZA JAEN;VENTAS;Ventas;prefix;V;Tiendas, módulos, ferias y canales de venta (V…);
V3121079;K39 REAL PLAZA-TRUJILLO;VENTAS;Ventas;prefix;V;Tiendas, módulos, ferias y canales de venta (V…);
V3121082;K42 MALL AVENT. PLAZA-TRUJILLO;VENTAS;Ventas;prefix;V;Tiendas, módulos, ferias y canales de venta (V…);
V3121149;T43 MALL PLAZA TRUJILLO II;VENTAS;Ventas;prefix;V;Tiendas, módulos, ferias y canales de venta (V…);
V3121226;T81 MALL AVENTURA CHICLAYO;VENTAS;Ventas;prefix;V;Tiendas, módulos, ferias y canales de venta (V…);
V3122095;K60 OPEN TRUJILLO;VENTAS;Ventas;prefix;V;Tiendas, módulos, ferias y canales de venta (V…);
V3122126;T18 TOTTUS PACASMAYO;VENTAS;Ventas;prefix;V;Tiendas, módulos, ferias y canales de venta (V…);
V3122254;H02 PORTAL TRUJILLO;VENTAS;Ventas;prefix;V;Tiendas, módulos, ferias y canales de venta (V…);
V3123074;K31 TRUJILLO - CALLE PIZARRO;VENTAS;Ventas;prefix;V;Tiendas, módulos, ferias y canales de venta (V…);
V3123140;T34 GAMARRA TRUJILLO;VENTAS;Ventas;prefix;V;Tiendas, módulos, ferias y canales de venta (V…);
V3124054;B96 METRO OVALO PAPAL TRUJILLO;VENTAS;Ventas;prefix;V;Tiendas, módulos, ferias y canales de venta (V…);
V3129221;M06 MODULO REAL PLAZA TRUJILLO;VENTAS;Ventas;prefix;V;Tiendas, módulos, ferias y canales de venta (V…);
V3129224;M09 MODULO MALL PLAZA TRUJILLO;VENTAS;Ventas;prefix;V;Tiendas, módulos, ferias y canales de venta (V…);
V3131070;K24 REAL PLAZA CHICLAYO;VENTAS;Ventas;prefix;V;Tiendas, módulos, ferias y canales de venta (V…);
V3131081;K41 OPEN PLAZA-CHICLAYO;VENTAS;Ventas;prefix;V;Tiendas, módulos, ferias y canales de venta (V…);
V3131196;T69 MALL AVENTURA CHICLAYO;VENTAS;Ventas;prefix;V;Tiendas, módulos, ferias y canales de venta (V…);
V3133072;K26 CHICLAYO - PLZA CUGLIEVAN;VENTAS;Ventas;prefix;V;Tiendas, módulos, ferias y canales de venta (V…);
V3134041;B77 METRO BALTA CHICLAYO;VENTAS;Ventas;prefix;V;Tiendas, módulos, ferias y canales de venta (V…);
V3141005;B17 PLAZA DE SOL HUACHO;VENTAS;Ventas;prefix;V;Tiendas, módulos, ferias y canales de venta (V…);
V3141203;T73 MEGAPLAZA INDEPENDENCIA;VENTAS;Ventas;prefix;V;Tiendas, módulos, ferias y canales de venta (V…);
V3142029;B59 PLAZA VEA HUARAL;VENTAS;Ventas;prefix;V;Tiendas, módulos, ferias y canales de venta (V…);
V3142101;K68 BARRANCA;VENTAS;Ventas;prefix;V;Tiendas, módulos, ferias y canales de venta (V…);
V3191004;B16 OPEN PLAZA PIURA;VENTAS;Ventas;prefix;V;Tiendas, módulos, ferias y canales de venta (V…);
V3191007;B25 REAL PLAZA PIURA;VENTAS;Ventas;prefix;V;Tiendas, módulos, ferias y canales de venta (V…);
V3191020;B44 PLAZA DE LA LUNA;VENTAS;Ventas;prefix;V;Tiendas, módulos, ferias y canales de venta (V…);
V3191068;K21 PLAZA DEL SOL- PIURA;VENTAS;Ventas;prefix;V;Tiendas, módulos, ferias y canales de venta (V…);
V3191202;T72 OPEN PLAZA PIURA;VENTAS;Ventas;prefix;V;Tiendas, módulos, ferias y canales de venta (V…);
V3191249;T96 PLAZA LUNA PIURA;VENTAS;Ventas;prefix;V;Tiendas, módulos, ferias y canales de venta (V…);
V3191263;H06 TALARA PLAZA CENTER;VENTAS;Ventas;prefix;V;Tiendas, módulos, ferias y canales de venta (V…);
V3191264;H07 REAL PLAZA PIURA II;VENTAS;Ventas;prefix;V;Tiendas, módulos, ferias y canales de venta (V…);
V3192050;B88 PLAZA VEA PAITA-PIURA;VENTAS;Ventas;prefix;V;Tiendas, módulos, ferias y canales de venta (V…);
V3192133;T26 PLAZA VEA TALARA;VENTAS;Ventas;prefix;V;Tiendas, módulos, ferias y canales de venta (V…);
V3193089;K52 PIURA CENTRO;VENTAS;Ventas;prefix;V;Tiendas, módulos, ferias y canales de venta (V…);
V3193090;K53 SULLANA-PIURA;VENTAS;Ventas;prefix;V;Tiendas, módulos, ferias y canales de venta (V…);
V3193144;T38 CATACAOS PIURA;VENTAS;Ventas;prefix;V;Tiendas, módulos, ferias y canales de venta (V…);
V3231146;T40 COSTA MAR TUMBES;VENTAS;Ventas;prefix;V;Tiendas, módulos, ferias y canales de venta (V…);
V3233010;B31 TUMBES CALLE BOLIVAR;VENTAS;Ventas;prefix;V;Tiendas, módulos, ferias y canales de venta (V…);
V3233175;T63 AGUAS VERDES;VENTAS;Ventas;prefix;V;Tiendas, módulos, ferias y canales de venta (V…);
V3233182;U04 AGUAS VERDES;VENTAS;Ventas;prefix;V;Tiendas, módulos, ferias y canales de venta (V…);
V4151210;T78 MALL AVENTURA IQUITOS;VENTAS;Ventas;prefix;V;Tiendas, módulos, ferias y canales de venta (V…);
V4153104;K72 IQUITOS;VENTAS;Ventas;prefix;V;Tiendas, módulos, ferias y canales de venta (V…);
V4212157;T51 PLAZA VEA TARAPOTO;VENTAS;Ventas;prefix;V;Tiendas, módulos, ferias y canales de venta (V…);
V4213012;B35 TARAPOTO;VENTAS;Ventas;prefix;V;Tiendas, módulos, ferias y canales de venta (V…);
V4241044;B82 C.C.OPEN PLAZA PUCALLPA;VENTAS;Ventas;prefix;V;Tiendas, módulos, ferias y canales de venta (V…);
V4241129;T21 REAL PLAZA PUCALLPA;VENTAS;Ventas;prefix;V;Tiendas, módulos, ferias y canales de venta (V…);
V4243019;B43 PUCALLPA;VENTAS;Ventas;prefix;V;Tiendas, módulos, ferias y canales de venta (V…);
V4249231;M12 COOLCASE RP PUCALLPA;VENTAS;Ventas;prefix;V;Tiendas, módulos, ferias y canales de venta (V…);
V5023100;K67 HUARAZ;VENTAS;Ventas;prefix;V;Tiendas, módulos, ferias y canales de venta (V…);
V5053045;B83 AYACUCHO;VENTAS;Ventas;prefix;V;Tiendas, módulos, ferias y canales de venta (V…);
V5091028;B58 TDA. HUANUCO;VENTAS;Ventas;prefix;V;Tiendas, módulos, ferias y canales de venta (V…);
V5091124;T16 C.C.OPEN PLAZA HUANUCO;VENTAS;Ventas;prefix;V;Tiendas, módulos, ferias y canales de venta (V…);
V5093266;H09 HUANUCO PLAZA DE ARMAS;VENTAS;Ventas;prefix;V;Tiendas, módulos, ferias y canales de venta (V…);
V5111096;K61 REAL HUANCAYO;VENTAS;Ventas;prefix;V;Tiendas, módulos, ferias y canales de venta (V…);
V5111148;T42 OPEN PLAZA HUANCAYO;VENTAS;Ventas;prefix;V;Tiendas, módulos, ferias y canales de venta (V…);
V5113099;K64 TARMA;VENTAS;Ventas;prefix;V;Tiendas, módulos, ferias y canales de venta (V…);
